claseId;id
CE;65465
productoId;cantidad;precioUnitario;totalVendido
1;6;799900.0;4799400.0
2;3;4499950.0;1.349985E7
3;2;3199950.0;6399900.0
4;8;1899950.0;1.51996E7
