claseId;id
CE;1044567654
productoId;cantidad;precioUnitario;totalVendido
1;4;799900.0;3199600.0
2;6;4499950.0;2.69997E7
3;5;3199950.0;1.599975E7
4;5;1899950.0;9499750.0
