claseId;id
CE;34523
productoId;cantidad;precioUnitario;totalVendido
1;8;799900.0;6399200.0
2;4;4499950.0;1.79998E7
3;6;3199950.0;1.91997E7
4;9;1899950.0;1.709955E7
