claseId;id
TI;89765345
productoId;cantidad;precioUnitario;totalVendido
1;10;799900.0;7999000.0
2;7;4499950.0;3.149965E7
3;4;3199950.0;1.27998E7
4;4;1899950.0;7599800.0
