claseId;id
CE;76545767
productoId;cantidad;precioUnitario;totalVendido
1;3;799900.0;2399700.0
2;9;4499950.0;4.049955E7
3;9;3199950.0;2.879955E7
4;7;1899950.0;1.329965E7
