claseId;id
CC;34567543
productoId;cantidad;precioUnitario;totalVendido
1;9;799900.0;7199100.0
2;8;4499950.0;3.59996E7
3;4;3199950.0;1.27998E7
4;9;1899950.0;1.709955E7
