claseId;id
TI;65412987
productoId;cantidad;precioUnitario;totalVendido
1;5;799900.0;3999500.0
2;7;4499950.0;3.149965E7
3;9;3199950.0;2.879955E7
4;5;1899950.0;9499750.0
