claseId;id
TI;102652654
productoId;cantidad;precioUnitario;totalVendido
1;6;799900.0;4799400.0
2;7;4499950.0;3.149965E7
3;10;3199950.0;3.19995E7
4;1;1899950.0;1899950.0
